mysql> select * from employee;
Empty set (0.00 sec)

mysql> select * from employee;
+-------+-------------+------------+-----------+
| empid | empname     | empaddress | empsalary |
+-------+-------------+------------+-----------+
| 57358 | Mahalakshmi | TN         |     30000 |
+-------+-------------+------------+-----------+
1 row in set (0.00 sec)

mysql> select * from employee;
+-------+-----------------+------------+-----------+
| empid | empname         | empaddress | empsalary |
+-------+-----------------+------------+-----------+
| 57358 | Mahalakshmi.P.M | Tamin Nadu |     50000 |
+-------+-----------------+------------+-----------+
1 row in set (0.00 sec)

mysql> select * from employee;
Empty set (0.13 sec)

mysql> select * from employee;
+-------+-------------+------------+-----------+
| empid | empname     | empaddress | empsalary |
+-------+-------------+------------+-----------+
| 57358 | Mahalakshmi | TN         |     30000 |
+-------+-------------+------------+-----------+
1 row in set (0.00 sec)
